﻿Summary,Issue key,Issue id,Issue Type,Status,Project key,Project name,Project type,Project lead,Project lead id,Project description,Priority,Resolution,Assignee,Assignee Id,Reporter,Reporter Id,Creator,Creator Id,Created,Updated,Last Viewed,Resolved,Due date,Votes,Description,Environment,Watchers,Watchers Id,Original estimate,Remaining Estimate,Time Spent,Work Ratio,Σ Original Estimate,Σ Remaining Estimate,Σ Time Spent,Security Level,Inward issue link (Blocks),Outward issue link (Blocks),Custom field (Actual end),Custom field (Actual start),Custom field (Change reason),Custom field (Change risk),Custom field (Change type),Custom field (Development),Custom field (Epic Color),Custom field (Epic Name),Custom field (Epic Status),Custom field (Impact),Custom field (Issue color),Custom field (Locked forms),Custom field (Open forms),Custom field (Project overview key),Custom field (Project overview status),Custom field (Rank),Custom field (Request Type),Custom field (Sentiment),Custom field (Start date),Custom field (Story Points),Custom field (Story point estimate),Custom field (Submitted forms),Custom field (Target end),Custom field (Target start),Custom field (Team),Custom field (Total forms),Custom field (Vulnerability),Custom field ([CHART] Date of First Response),Custom field ([CHART] Time in Status),Status Category,Status Category Changed
Verify user registration with an invalid phone number,SCRUM-18,10017,Test case,Done,SCRUM,software project,software,Thuwan Sajin,712020:6bf49026-1a22-4ce5-be79-55ca6b9f43fc,,Medium,Done,Thuwan Sajin,712020:6bf49026-1a22-4ce5-be79-55ca6b9f43fc,Thuwan Sajin,712020:6bf49026-1a22-4ce5-be79-55ca6b9f43fc,Thuwan Sajin,712020:6bf49026-1a22-4ce5-be79-55ca6b9f43fc,31/Jul/24 9:22 PM,31/Jul/24 9:31 PM,31/Jul/24 9:31 PM,31/Jul/24 9:31 PM,,0,"*Preconditions:*

The user is on the registration page.
*Test Steps:*

Enter a valid name in the ""Name"" field.
Enter a valid email in the ""Email"" field.
Enter an invalid phone number (e.g., ""123ABC7890"") in the ""Phone Number"" field.
Enter a valid password in the ""Password"" field.
Enter the same password in the ""Confirm Password"" field.
Click the ""Register"" button.

*Expected Result:*

Error show when use wrong phone number.
*Actual Result:*

Show successful register.

*Status:* fail.
*Priority:* High.",,Thuwan Sajin,712020:6bf49026-1a22-4ce5-be79-55ca6b9f43fc,,,,,,,,,,,,,,,,,,,,,,,,,,0|i0003r:,,,,,,,,,,,,,10000_*:*_1_*:*_530655_*|*_10002_*:*_1_*:*_0,Done,31/Jul/24 9:31 PM
User Registration with Invalid Email still allows registration,SCRUM-17,10016,Test case,Done,SCRUM,software project,software,Thuwan Sajin,712020:6bf49026-1a22-4ce5-be79-55ca6b9f43fc,,Medium,Done,Thuwan Sajin,712020:6bf49026-1a22-4ce5-be79-55ca6b9f43fc,Thuwan Sajin,712020:6bf49026-1a22-4ce5-be79-55ca6b9f43fc,Thuwan Sajin,712020:6bf49026-1a22-4ce5-be79-55ca6b9f43fc,31/Jul/24 9:19 PM,31/Jul/24 9:31 PM,31/Jul/24 9:31 PM,31/Jul/24 9:31 PM,,0,"*Preconditions:* The user is on the registration page.

*Test Steps:*

Enter a valid name in the ""Name"" field.

Enter an invalid email (e.g., ""invalid-email"") in the ""Email"" field.

Enter a valid phone number in the ""Phone Number"" field.

Enter a valid password in the ""Password"" field.

Enter the same password in the ""Confirm Password"" field.

Click the ""Register"" button.

*Expected Result:* It shows only valid email can register

*Actual Result:* It shows successfully Register.

*Status:* fail.

*Priority:* High",,Thuwan Sajin,712020:6bf49026-1a22-4ce5-be79-55ca6b9f43fc,,,,,,,,,,,,,,,,,,,,,,,,,,0|i0003j:,,,,,,,,,,,,,10000_*:*_1_*:*_739539_*|*_10002_*:*_1_*:*_0,Done,31/Jul/24 9:31 PM
Fix Product page fails to load when clicking on product images.,SCRUM-16,10015,Task,To Do,SCRUM,software project,software,Thuwan Sajin,712020:6bf49026-1a22-4ce5-be79-55ca6b9f43fc,,Medium,,Thuwan Sajin,712020:6bf49026-1a22-4ce5-be79-55ca6b9f43fc,Thuwan Sajin,712020:6bf49026-1a22-4ce5-be79-55ca6b9f43fc,Thuwan Sajin,712020:6bf49026-1a22-4ce5-be79-55ca6b9f43fc,30/Jul/24 8:45 PM,30/Jul/24 8:45 PM,01/Aug/24 12:39 PM,,,0,"*Steps to Reproduce*: 

 1. Navigate to the homepage of the e-commerce website. 

2. Perform a product search or browse the product list. 

3. Click on any product image. 

*Expected Result:* The product page should load successfully, displaying the product details. 

*Actual Result:* The product page fails to load, and an error message or blank page is displayed.",,Thuwan Sajin,712020:6bf49026-1a22-4ce5-be79-55ca6b9f43fc,,,,,,,,,,SCRUM-13,,,,,,,,,,,,,,,,0|i0003b:,,,,,,,,,,,,,,To Do,30/Jul/24 8:45 PM
Fix User Registration with Invalid Phone Number,SCRUM-15,10014,Task,To Do,SCRUM,software project,software,Thuwan Sajin,712020:6bf49026-1a22-4ce5-be79-55ca6b9f43fc,,Medium,,Thuwan Sajin,712020:6bf49026-1a22-4ce5-be79-55ca6b9f43fc,Thuwan Sajin,712020:6bf49026-1a22-4ce5-be79-55ca6b9f43fc,Thuwan Sajin,712020:6bf49026-1a22-4ce5-be79-55ca6b9f43fc,30/Jul/24 8:21 PM,30/Jul/24 8:49 PM,01/Aug/24 12:39 PM,,,0,"The user registration currently allows invalid phone numbers to successfully register. Update validation to properly handle and reject invalid phone numbers.    

*Assignee:* [Thuwan Sajin]
*Priority:* High
*Status:* Open",,Thuwan Sajin,712020:6bf49026-1a22-4ce5-be79-55ca6b9f43fc,,,,,,,,,,SCRUM-12,,,,,,,,,,,,,,,,0|i00033:,,,,,,,,,,,,,,To Do,30/Jul/24 8:21 PM
Fix User Registration,SCRUM-14,10013,Task,To Do,SCRUM,software project,software,Thuwan Sajin,712020:6bf49026-1a22-4ce5-be79-55ca6b9f43fc,,Medium,,Thuwan Sajin,712020:6bf49026-1a22-4ce5-be79-55ca6b9f43fc,Thuwan Sajin,712020:6bf49026-1a22-4ce5-be79-55ca6b9f43fc,Thuwan Sajin,712020:6bf49026-1a22-4ce5-be79-55ca6b9f43fc,30/Jul/24 8:18 PM,30/Jul/24 8:18 PM,01/Aug/24 12:38 PM,,,0,"Description: User registration currently allows invalid email formats to successfully register. Update validation to properly handle and reject invalid email addresses.
Assignee: [Thuwan Sajin]
Priority: High
Status: Open",,Thuwan Sajin,712020:6bf49026-1a22-4ce5-be79-55ca6b9f43fc,,,,,,,,,,SCRUM-11,,,,,,,,,,,,,,,,0|i0002v:,,,,,,,,,,,,,,To Do,30/Jul/24 8:18 PM
Product page fails to load when clicking on product images.,SCRUM-13,10012,Bug,In Progress,SCRUM,software project,software,Thuwan Sajin,712020:6bf49026-1a22-4ce5-be79-55ca6b9f43fc,,Medium,,Thuwan Sajin,712020:6bf49026-1a22-4ce5-be79-55ca6b9f43fc,Thuwan Sajin,712020:6bf49026-1a22-4ce5-be79-55ca6b9f43fc,Thuwan Sajin,712020:6bf49026-1a22-4ce5-be79-55ca6b9f43fc,30/Jul/24 8:00 PM,01/Aug/24 2:31 PM,01/Aug/24 2:31 PM,,,0,"*Steps to Reproduce:*
Log in and navigate to the homepage.
Click on a product image.
*Expected Result:* User should be redirected to the product page.
*Actual Result:* Error message displayed: ""Page not found.""
*Severity:* Major
*Status:* Open",,Thuwan Sajin,712020:6bf49026-1a22-4ce5-be79-55ca6b9f43fc,,,,,,,,,SCRUM-16,,,,,,,,,,,,,,,,,0|i0002n:,,,,,,,,,,,,,,In Progress,01/Aug/24 2:31 PM
User Registration allows invalid phone numbers to successfully register,SCRUM-12,10011,Bug,In Progress,SCRUM,software project,software,Thuwan Sajin,712020:6bf49026-1a22-4ce5-be79-55ca6b9f43fc,,Medium,,Thuwan Sajin,712020:6bf49026-1a22-4ce5-be79-55ca6b9f43fc,Thuwan Sajin,712020:6bf49026-1a22-4ce5-be79-55ca6b9f43fc,Thuwan Sajin,712020:6bf49026-1a22-4ce5-be79-55ca6b9f43fc,30/Jul/24 7:57 PM,01/Aug/24 2:31 PM,01/Aug/24 2:34 PM,,,0,"*Steps to Reproduce:*

Go to the registration page.
Enter a valid username in the Username field.
Enter a valid email in the Email field.
Enter an invalid Phone Number in the Phone Number field.
Enter a valid password in the Password field.
Enter the correct Confirm password in the Confirm password field.
Click on the ""Register"" button.
*Expected Result:* An error message should be displayed indicating the Phone Number is invalid.
*Actual Result:* User is successfully registered with an invalid phone number.
*Severity:* Critical
*Status:* Open",,Thuwan Sajin,712020:6bf49026-1a22-4ce5-be79-55ca6b9f43fc,,,,,,,,,SCRUM-15,,,,,,,,,,,,,,,,,0|i0002f:,,,,,,,,,,,,,,In Progress,01/Aug/24 2:31 PM
User Registration with Invalid Email still allows registration,SCRUM-11,10010,Bug,In Progress,SCRUM,software project,software,Thuwan Sajin,712020:6bf49026-1a22-4ce5-be79-55ca6b9f43fc,,Medium,,Thuwan Sajin,712020:6bf49026-1a22-4ce5-be79-55ca6b9f43fc,Thuwan Sajin,712020:6bf49026-1a22-4ce5-be79-55ca6b9f43fc,Thuwan Sajin,712020:6bf49026-1a22-4ce5-be79-55ca6b9f43fc,30/Jul/24 7:53 PM,01/Aug/24 2:31 PM,01/Aug/24 2:32 PM,,,0,"
*Steps to Reproduce:*

Go to the registration page.
Enter a valid name.
Enter an invalid email.
Enter a valid Phone Number.
Enter a valid password.
Enter a correct Confirm password.
Click on the ""Register"" button.
*Expected Result:* An error message should be displayed indicating the email is invalid.
*Actual Result:* User is successfully registered.
*Severity:* Critical
*Status:* Open
",,Thuwan Sajin,712020:6bf49026-1a22-4ce5-be79-55ca6b9f43fc,,,,,,,,,SCRUM-14,,,,,,,,,,,,,,,,,0|i00027:,,,,,,,,,,,,,,In Progress,01/Aug/24 2:31 PM
Log out,SCRUM-10,10009,Test case,Done,SCRUM,software project,software,Thuwan Sajin,712020:6bf49026-1a22-4ce5-be79-55ca6b9f43fc,,Medium,Done,Thuwan Sajin,712020:6bf49026-1a22-4ce5-be79-55ca6b9f43fc,Thuwan Sajin,712020:6bf49026-1a22-4ce5-be79-55ca6b9f43fc,Thuwan Sajin,712020:6bf49026-1a22-4ce5-be79-55ca6b9f43fc,30/Jul/24 1:19 PM,30/Jul/24 8:45 PM,31/Jul/24 7:55 PM,30/Jul/24 8:45 PM,,0,"*Title:* Verify user logout functionality
*Precondition:* User is logged in
*Test Steps:*

# Click the ""Log Out"" button.

*Expected Result:* User is logged out successfully and redirected to the homepage.
*Actual Result:* User and Admin log out successfully.
*Status:* pass
*Priority:* High",,Thuwan Sajin,712020:6bf49026-1a22-4ce5-be79-55ca6b9f43fc,,,,,,,,,,,,,,,,,,,,,,,,,,0|i0001z:,,,,,,,,,,,,,10000_*:*_1_*:*_26813500_*|*_10002_*:*_1_*:*_0,Done,30/Jul/24 8:45 PM
Product Reviews,SCRUM-9,10008,Test case,Done,SCRUM,software project,software,Thuwan Sajin,712020:6bf49026-1a22-4ce5-be79-55ca6b9f43fc,,Medium,Done,Thuwan Sajin,712020:6bf49026-1a22-4ce5-be79-55ca6b9f43fc,Thuwan Sajin,712020:6bf49026-1a22-4ce5-be79-55ca6b9f43fc,Thuwan Sajin,712020:6bf49026-1a22-4ce5-be79-55ca6b9f43fc,30/Jul/24 1:17 PM,30/Jul/24 8:45 PM,31/Jul/24 7:55 PM,30/Jul/24 8:45 PM,,0,"*Title*: Verify adding a product review.
*Precondition:* User is logged in and has purchased the product.
*Test Steps:*
Navigate to the product page.
Click the ""Write a Review"" button.
Enter review details (e.g., rating, comment).
Click the ""Submit"" button.
*Expected Result*: Review is successfully submitted and displayed on the product page.
*Actual Result:*  Review is successfully submitted and displayed on the product page.
*Status:* pass
*Priority*: Low",,Thuwan Sajin,712020:6bf49026-1a22-4ce5-be79-55ca6b9f43fc,,,,,,,,,,,,,,,,,,,,,,,,,,0|i0001r:,,,,,,,,,,,,,10000_*:*_1_*:*_26916231_*|*_10002_*:*_1_*:*_0,Done,30/Jul/24 8:45 PM
Order History,SCRUM-8,10007,Test case,Done,SCRUM,software project,software,Thuwan Sajin,712020:6bf49026-1a22-4ce5-be79-55ca6b9f43fc,,Medium,Done,Thuwan Sajin,712020:6bf49026-1a22-4ce5-be79-55ca6b9f43fc,Thuwan Sajin,712020:6bf49026-1a22-4ce5-be79-55ca6b9f43fc,Thuwan Sajin,712020:6bf49026-1a22-4ce5-be79-55ca6b9f43fc,30/Jul/24 1:16 PM,30/Jul/24 8:45 PM,31/Jul/24 7:55 PM,30/Jul/24 8:45 PM,,0,"*Title:* Verify order history displays previous orders.
*Precondition:* User is logged in and has placed at least one order.
Test Steps:
Navigate to the ""Order History"" page.
*Expected Result:* A list of previously placed orders is displayed.
*Actual Result:* A list of previously placed orders is displayed.
*Status:* pass
*Priority:* Medium",,Thuwan Sajin,712020:6bf49026-1a22-4ce5-be79-55ca6b9f43fc,,,,,,,,,,,,,,,,,,,,,,,,,,0|i0001j:,,,,,,,,,,,,,10000_*:*_1_*:*_26969587_*|*_10002_*:*_1_*:*_0,Done,30/Jul/24 8:45 PM
Checkout Process,SCRUM-7,10006,Test case,Done,SCRUM,software project,software,Thuwan Sajin,712020:6bf49026-1a22-4ce5-be79-55ca6b9f43fc,,Medium,Done,Thuwan Sajin,712020:6bf49026-1a22-4ce5-be79-55ca6b9f43fc,Thuwan Sajin,712020:6bf49026-1a22-4ce5-be79-55ca6b9f43fc,Thuwan Sajin,712020:6bf49026-1a22-4ce5-be79-55ca6b9f43fc,30/Jul/24 1:14 PM,30/Jul/24 8:45 PM,30/Jul/24 8:32 PM,30/Jul/24 8:45 PM,,0,"
*Title:* Verify checkout process with a product in the cart.
*Precondition:* User has a product in the cart.
*Test Steps:*
Click the ""Cart"" icon.
Click the ""Proceed to Checkout"" button.
Enter valid shipping details.
Select a payment method.
Click the ""Place Order"" button.
*Expected Result:* Order is successfully placed, and order confirmation is displayed.
*Actual Result:* Successful place order.
*Status:* pass
*Priority:* High",,Thuwan Sajin,712020:6bf49026-1a22-4ce5-be79-55ca6b9f43fc,,,,,,,,,,,,,,,,,,,,,,,,,,0|i0001b:,,,,,,,,,,,,,10000_*:*_1_*:*_27061892_*|*_10002_*:*_1_*:*_0,Done,30/Jul/24 8:45 PM
Add to Cart,SCRUM-6,10005,Test case,Done,SCRUM,software project,software,Thuwan Sajin,712020:6bf49026-1a22-4ce5-be79-55ca6b9f43fc,,Medium,Done,Thuwan Sajin,712020:6bf49026-1a22-4ce5-be79-55ca6b9f43fc,Thuwan Sajin,712020:6bf49026-1a22-4ce5-be79-55ca6b9f43fc,Thuwan Sajin,712020:6bf49026-1a22-4ce5-be79-55ca6b9f43fc,30/Jul/24 1:12 PM,30/Jul/24 8:45 PM,30/Jul/24 8:31 PM,30/Jul/24 8:45 PM,,0,"
*Title:* Verify adding a product to the cart.
*Precondition:* User is logged in and on the product search results page.
*Test Steps:*
Search for a product (e.g., ""banana"").
Click on a product from the search results.
Click the ""Add to Cart"" button.
*Expected Result:* Product is added to the cart, and the cart count increases by one.
*Actual Result:* Added products in to the cart successful. Cart count increase by one.
*Status:* Pass
*Priority:* High",,Thuwan Sajin,712020:6bf49026-1a22-4ce5-be79-55ca6b9f43fc,,,,,,,,,,,,,,,,,,,,,,,,,,0|i00013:,,,,,,,,,,,,,10000_*:*_1_*:*_27183587_*|*_10002_*:*_1_*:*_0,Done,30/Jul/24 8:45 PM
Verify product search with no results.,SCRUM-5,10004,Test case,Done,SCRUM,software project,software,Thuwan Sajin,712020:6bf49026-1a22-4ce5-be79-55ca6b9f43fc,,Medium,Done,Thuwan Sajin,712020:6bf49026-1a22-4ce5-be79-55ca6b9f43fc,Thuwan Sajin,712020:6bf49026-1a22-4ce5-be79-55ca6b9f43fc,Thuwan Sajin,712020:6bf49026-1a22-4ce5-be79-55ca6b9f43fc,30/Jul/24 1:11 PM,30/Jul/24 8:45 PM,31/Jul/24 9:14 PM,30/Jul/24 8:45 PM,,0,"*Title:* Verify product search with no results.
*Precondition:* User is logged in and on the homepage.
*Test Steps:*
Enter a keyword that has no matching products (e.g., ""banana"").
Click the ""Search"" button.
*Expected Result:* Message displayed: ""No products found.""
*Actual Result:* After search some product that actually not found  in product page. Show  no products found.
*Status:* Pass
*Priority:* Medium",,Thuwan Sajin,712020:6bf49026-1a22-4ce5-be79-55ca6b9f43fc,,,,,,,,,,,,,,,,,,,,,,,,,,0|i0000v:,,,,,,,,,,,,,10000_*:*_1_*:*_27246652_*|*_10002_*:*_1_*:*_0,Done,30/Jul/24 8:45 PM
Product Search,SCRUM-4,10003,Test case,Done,SCRUM,software project,software,Thuwan Sajin,712020:6bf49026-1a22-4ce5-be79-55ca6b9f43fc,,Medium,Done,Thuwan Sajin,712020:6bf49026-1a22-4ce5-be79-55ca6b9f43fc,Thuwan Sajin,712020:6bf49026-1a22-4ce5-be79-55ca6b9f43fc,Thuwan Sajin,712020:6bf49026-1a22-4ce5-be79-55ca6b9f43fc,30/Jul/24 1:08 PM,30/Jul/24 8:45 PM,31/Jul/24 10:25 PM,30/Jul/24 8:45 PM,,0,"
*Title:* Verify product search with valid keywords.
*Precondition:* User is logged in and on the homepage.
*Test Steps:*
Enter a valid keyword (e.g., ""banana"") in the search bar.
Click the ""Search"" button.
*Expected Result:* Search results related to the keyword are displayed.
*Actual Result:* After search word through search bar it can search product successfully.

*Status:* Pass
*Priority:* High",,Thuwan Sajin,712020:6bf49026-1a22-4ce5-be79-55ca6b9f43fc,,,,,,,,,,,,,,,,,,,,,,,,,,0|i0000n:,,,,,,,,,,,,,10000_*:*_1_*:*_27432787_*|*_10002_*:*_1_*:*_0,Done,30/Jul/24 8:45 PM
Verify product page work.,SCRUM-3,10002,Test case,Done,SCRUM,software project,software,Thuwan Sajin,712020:6bf49026-1a22-4ce5-be79-55ca6b9f43fc,,Medium,Done,Thuwan Sajin,712020:6bf49026-1a22-4ce5-be79-55ca6b9f43fc,Thuwan Sajin,712020:6bf49026-1a22-4ce5-be79-55ca6b9f43fc,Thuwan Sajin,712020:6bf49026-1a22-4ce5-be79-55ca6b9f43fc,30/Jul/24 1:07 PM,30/Jul/24 8:45 PM,31/Jul/24 7:57 PM,30/Jul/24 8:45 PM,,0,"
*Title:* Verify product page work.
*Precondition:* User is logged in and on the homepage.
*Test Steps:*
visit each page by click image.

*Expected Result:* visit page successful.
*Actual Result:* some pages are not load successful. some pages are load successful.
*Status:* Fail
*Priority:* High",,Thuwan Sajin,712020:6bf49026-1a22-4ce5-be79-55ca6b9f43fc,,,,,,,,,,,,,,,,,,,,,,,,,,0|i0000f:,,,,,,,,,,,,,10000_*:*_1_*:*_27473288_*|*_10002_*:*_1_*:*_0,Done,30/Jul/24 8:45 PM
User Login,SCRUM-2,10001,Test case,Done,SCRUM,software project,software,Thuwan Sajin,712020:6bf49026-1a22-4ce5-be79-55ca6b9f43fc,,Medium,Done,Thuwan Sajin,712020:6bf49026-1a22-4ce5-be79-55ca6b9f43fc,Thuwan Sajin,712020:6bf49026-1a22-4ce5-be79-55ca6b9f43fc,Thuwan Sajin,712020:6bf49026-1a22-4ce5-be79-55ca6b9f43fc,30/Jul/24 1:06 PM,30/Jul/24 8:45 PM,30/Jul/24 8:23 PM,30/Jul/24 8:45 PM,,0,"
*Title:* Verify user login with valid credentials.
*Precondition:* User is on the login page.
*Test Steps:*
Enter valid username.
Enter valid password.
Click the ""Login"" button.
*Expected Result:* User is redirected to the dashboard.
*Actual Result:* User is redirected to the dashboard.
*Status:* Pass
*Priority:* High",,Thuwan Sajin,712020:6bf49026-1a22-4ce5-be79-55ca6b9f43fc,,,,,,,,,,,,,,,,,,,,,,,,,,0|i00007:,,,,,,,,,,,,,10000_*:*_1_*:*_27559634_*|*_10002_*:*_1_*:*_0,Done,30/Jul/24 8:45 PM
User Registration,SCRUM-1,10000,Test case,Done,SCRUM,software project,software,Thuwan Sajin,712020:6bf49026-1a22-4ce5-be79-55ca6b9f43fc,,Medium,Done,Thuwan Sajin,712020:6bf49026-1a22-4ce5-be79-55ca6b9f43fc,Thuwan Sajin,712020:6bf49026-1a22-4ce5-be79-55ca6b9f43fc,Thuwan Sajin,712020:6bf49026-1a22-4ce5-be79-55ca6b9f43fc,30/Jul/24 1:04 PM,30/Jul/24 8:45 PM,31/Jul/24 8:38 PM,30/Jul/24 8:45 PM,,0,"*Title:* Verify user registration with valid details.
*Precondition:* User is on the registration page.
*Test Steps:*
Enter valid username.
Enter valid email.
Enter valid password.
Confirm password.
Click the ""Register"" button.
*Expected Result:* User is successfully registered and redirected to the welcome page.
*Actual Result:* User is successfully registered and redirected to the welcome page.
*Status:* Pass
*Priority:* High",,Thuwan Sajin,712020:6bf49026-1a22-4ce5-be79-55ca6b9f43fc,,,,,,,,,,,,,,,,,,,,,,,,,,0|hzzzzz:,,,,,,,,,,,,,10000_*:*_1_*:*_27648633_*|*_10002_*:*_1_*:*_0,Done,30/Jul/24 8:45 PM
